2015,2016,2017,2018
104,104,106,24
104,104,106,24
104,104,106,24
104,104,106,24
104,104,106,24
104,104,106,24
104,104,106,24
104,104,106,24
104,104,106,24
104,104,106,24
104,104,106,24
104,104,106,24
104,104,106,24
104,104,106,24
104,104,106,24
104,104,106,24
104,104,106,24
104,104,106,24
104,104,106,24
104,104,106,24
104,104,106,24
104,104,106,24
104,104,106,24
104,104,106,24
104,104,106,24
104,104,106,24
104,104,106,24
104,104,106,24
104,104,106,24
104,104,106,24
104,104,106,24
104,104,106,24
104,104,106,24
104,104,106,24
104,104,106,24
104,104,106,24
104,104,106,24
104,104,106,24
104,104,106,24
104,104,106,24
104,104,106,24
104,104,106,24
104,104,106,24
104,104,106,24
104,104,106,24
104,104,106,24
104,104,106,24
104,104,106,24
104,104,106,24
104,104,106,24
104,104,106,24
104,104,106,24
104,104,106,24
103,104,104,24